
<beans xmlns="http://www.springframework.org/schema/beans"
	xmlns:xsi="http://www.w3.org/2001/XMLSchema-instance"
	xmlns:context="http://www.springframework.org/schema/context"
	xsi:schemaLocation="http://www.springframework.org/schema/beans
	http://www.springframework.org/schema/beans/spring-beans-3.0.xsd
	http://www.springframework.org/schema/context
	http://www.springframework.org/schema/context/spring-context-3.0.xsd" xmlns:jdbc="http://www.springframework.org/schema/jdbc">
              
   <!-- <bean id="myDataSource" class="org.apache.commons.dbcp.BasicDataSource">
        <property name="driverClassName" value="org.apache.derby.jdbc.EmbeddedDriver" />
        <property name="url" value="jdbc:derby://localhost:1527/refaccionaria" />
        
        <property name="username" value="admin" />
        <property name="password" value="admin" />
    </bean>-->
            <bean id="myDataSource" class="org.apache.commons.dbcp.BasicDataSource" >
		<property name="driverClassName">
			<value>org.apache.derby.jdbc.EmbeddedDriver</value>
		</property>
		<property name="url">
			<value>jdbc:derby:refaccionaria</value>
		</property>
		<property name="username">
			<value>admin</value>
		</property>
		<property name="password">
			<value>admin</value>
		</property>
	</bean>	
    <!--<tx:annotation-driven xmlns:tx="http://www.springframework.org/schema/tx" transaction-manager="txManager" />
    <bean id="txManager" class="org.springframework.jdbc.datasource.DataSourceTransactionManager" > 
        <property name="dataSource" ref="myDataSource"/>
    </bean>-->
    <bean id="ClienteDao" class="com.amickom.autopartdao.dao.spring.ClienteDaoImpl" scope="singleton">
        <property name="dataSource" ref="myDataSource" />
    </bean>
    <bean id="PedidoDao" class="com.amickom.autopartdao.dao.spring.PedidoDaoImpl" scope="singleton">
        <property name="dataSource" ref="myDataSource" />
    </bean>
    <bean id="PedidoProductoDao" class="com.amickom.autopartdao.dao.spring.PedidoProductoDaoImpl" scope="singleton">
        <property name="dataSource" ref="myDataSource" />
    </bean>
    <bean id="ProductosDao" class="com.amickom.autopartdao.dao.spring.ProductosDaoImpl" scope="singleton">
        <property name="dataSource" ref="myDataSource" />
    </bean>
    <bean id="ProveedorDao" class="com.amickom.autopartdao.dao.spring.ProveedorDaoImpl" scope="singleton">
        <property name="dataSource" ref="myDataSource" />
    </bean>
    <bean id="UsuarioDao" class="com.amickom.autopartdao.dao.spring.UsuarioDaoImpl" scope="singleton">
        <property name="dataSource" ref="myDataSource" />
    </bean>
    <bean id="ArchivosDao" class="com.amickom.autopartdao.dao.spring.ArchivosDaoImpl" scope="singleton">
        <property name="dataSource" ref="myDataSource" />
    </bean>
    <bean id="ExcelDAO" class="com.amickom.autopartdao.dao.spring.ExcelDAOImpl" scope="singleton"/>
</beans>